City_ID,City,Country,Date,Lat,Lng,Max Temp,Humidity,Cloudiness,Wind Speed
0,Hervey Bay,AU,2022-04-18 19:11:07,-25.2986,152.8535,70.02,88,61,5.99
1,Busselton,AU,2022-04-18 19:11:08,-33.65,115.3333,61.48,87,94,5.08
2,Saldanha,ZA,2022-04-18 19:11:08,-33.0117,17.9442,61.38,78,0,9.82
3,Klaksvik,FO,2022-04-18 19:11:09,62.2266,-6.589,45.52,86,21,24.05
4,Kavaratti,IN,2022-04-18 19:11:09,10.5669,72.642,84.22,74,97,6.6
5,Hermanus,ZA,2022-04-18 19:08:06,-34.4187,19.2345,60.8,88,4,10.18
6,Sakakah,SA,2022-04-18 19:11:10,29.9697,40.2064,78.48,11,64,10.58
7,Mandera,KE,2022-04-18 19:11:11,3.9366,41.867,83.52,63,14,8.61
8,Ushuaia,AR,2022-04-18 19:11:11,-54.8,-68.3,46.02,81,75,5.75
9,Banes,CU,2022-04-18 19:06:31,20.9625,-75.7186,79.38,69,85,6.98
10,Provideniya,RU,2022-04-18 19:11:13,64.3833,-173.3,30.76,93,100,10.51
11,Lavrentiya,RU,2022-04-18 19:11:14,65.5833,-171.0,28.56,91,100,8.41
12,Codrington,AU,2022-04-18 19:11:14,-38.2667,141.9667,55.2,82,100,7.67
13,Saint George,US,2022-04-18 19:11:15,37.1041,-113.5841,81.79,11,0,1.99
14,Punta Arenas,CL,2022-04-18 19:09:25,-53.15,-70.9167,50.11,66,75,14.97
15,Soanierana Ivongo,MG,2022-04-18 19:11:16,-16.9167,49.5833,74.7,89,47,6.69
16,Tiksi,RU,2022-04-18 19:11:16,71.6872,128.8694,1.31,100,100,3.62
17,Lompoc,US,2022-04-18 19:11:17,34.6391,-120.4579,66.85,63,0,25.99
18,New Norfolk,AU,2022-04-18 19:11:17,-42.7826,147.0587,51.91,69,100,1.77
19,El Higo,MX,2022-04-18 19:11:18,21.7667,-98.4667,99.0,30,3,8.86
20,Butaritari,KI,2022-04-18 19:11:19,3.0707,172.7902,81.43,75,26,12.37
21,Qaanaaq,GL,2022-04-18 19:11:23,77.484,-69.3632,-7.92,80,9,1.68
22,Bengkulu,ID,2022-04-18 19:11:24,-3.8004,102.2655,75.04,89,100,4.47
23,Cidreira,BR,2022-04-18 19:11:24,-30.1811,-50.2056,70.75,67,82,12.26
24,Tuatapere,NZ,2022-04-18 19:11:25,-46.1333,167.6833,53.62,86,100,5.86
25,Bredasdorp,ZA,2022-04-18 19:11:26,-34.5322,20.0403,59.88,91,5,6.98
26,Krasnoselkup,RU,2022-04-18 19:11:26,65.7,82.4667,27.97,95,100,22.62
27,Victoria,HK,2022-04-18 19:11:27,22.2855,114.1577,70.25,84,100,8.01
28,Ostrovnoy,RU,2022-04-18 19:11:27,68.0531,39.5131,36.9,100,100,14.65
29,Tezu,IN,2022-04-18 19:11:28,27.9167,96.1667,65.82,76,68,4.9
30,Mataura,NZ,2022-04-18 19:11:28,-46.1927,168.8643,46.47,89,100,3.29
31,Atuona,PF,2022-04-18 19:11:29,-9.8,-139.0333,80.04,70,95,17.13
32,Kuchl,AT,2022-04-18 19:11:29,47.6265,13.1448,47.79,80,100,1.36
33,Pacifica,US,2022-04-18 19:11:30,37.6138,-122.4869,68.65,62,75,6.91
34,Rikitea,PF,2022-04-18 19:11:30,-23.1203,-134.9692,78.39,66,6,14.54
35,Avarua,CK,2022-04-18 19:11:31,-21.2078,-159.775,77.05,88,100,2.3
36,Cape Town,ZA,2022-04-18 19:09:30,-33.9258,18.4232,61.92,84,4,8.01
37,Zholymbet,KZ,2022-04-18 19:11:31,51.7433,71.7122,42.55,84,88,7.27
38,Hobart,AU,2022-04-18 19:10:48,-42.8794,147.3294,52.27,84,100,5.75
39,Emerald,AU,2022-04-18 19:11:32,-23.5333,148.1667,62.35,77,0,5.99
40,Albany,US,2022-04-18 19:11:33,42.6001,-73.9662,59.34,23,100,8.01
41,Puerto Ayora,EC,2022-04-18 19:11:33,-0.7393,-90.3518,76.96,82,83,8.37
42,Dikson,RU,2022-04-18 19:11:34,73.5069,80.5464,3.52,95,100,14.45
43,Ribeira Grande,PT,2022-04-18 19:08:15,38.5167,-28.7,61.2,67,75,14.97
44,Mahebourg,MU,2022-04-18 19:11:34,-20.4081,57.7,79.25,85,39,11.92
45,Tsiroanomandidy,MG,2022-04-18 19:11:35,-18.7667,46.0333,69.62,79,9,1.81
46,Quixada,BR,2022-04-18 19:11:36,-4.9714,-39.0153,77.07,90,100,6.02
47,Bluff,NZ,2022-04-18 19:11:36,-46.6,168.3333,46.8,83,100,9.15
48,Aklavik,CA,2022-04-18 19:11:37,68.2191,-135.0107,16.48,83,11,13.22
49,Barrow,US,2022-04-18 19:11:37,71.2906,-156.7887,-2.18,71,0,4.61
50,Kruisfontein,ZA,2022-04-18 19:11:38,-34.0033,24.7314,60.89,89,10,3.51
51,Broome,US,2022-04-18 19:11:38,42.2506,-75.833,50.85,40,0,13.8
52,Phibun Mangsahan,TH,2022-04-18 19:11:39,15.2447,105.2291,74.88,73,35,11.48
53,Port Elizabeth,ZA,2022-04-18 19:11:20,-33.918,25.5701,63.1,92,31,3.36
54,Jamestown,US,2022-04-18 19:08:59,42.097,-79.2353,34.02,74,100,17.27
55,Kaitangata,NZ,2022-04-18 19:11:40,-46.2817,169.8464,48.72,76,100,4.97
56,Manjacaze,MZ,2022-04-18 19:11:40,-24.7117,33.8828,67.19,96,88,4.45
57,Khatanga,RU,2022-04-18 19:11:41,71.9667,102.5,1.98,98,100,8.84
58,El Alto,PE,2022-04-18 19:11:41,-4.2714,-81.2147,76.66,71,92,11.03
59,Manama,BH,2022-04-18 19:10:44,26.2154,50.5832,78.35,45,0,10.36
60,Kodiak,US,2022-04-18 19:11:42,57.79,-152.4072,38.71,70,100,19.57
61,Kapaa,US,2022-04-18 19:11:42,22.0752,-159.319,78.78,68,75,19.57
62,Nikolskoye,RU,2022-04-18 19:11:43,59.7035,30.7861,46.29,87,99,3.29
63,Thinadhoo,MV,2022-04-18 19:11:44,0.5333,72.9333,83.53,70,100,3.87
64,Tual,ID,2022-04-18 19:11:44,-5.6667,132.75,83.68,71,100,2.71
65,Rabaul,PG,2022-04-18 19:11:45,-4.1967,152.1721,80.26,78,100,2.28
66,Ahipara,NZ,2022-04-18 19:11:45,-35.1667,173.1667,65.71,95,25,6.82
67,Fukue,JP,2022-04-18 19:11:46,32.6881,128.8419,60.71,58,98,8.93
68,Port Lincoln,AU,2022-04-18 19:06:58,-34.7333,135.8667,57.4,64,20,10.29
69,Fare,PF,2022-04-18 19:11:47,-16.7,-151.0167,80.28,75,7,9.01
70,Beloha,MG,2022-04-18 19:11:48,-25.1667,45.05,74.71,86,69,12.75
71,Matara,LK,2022-04-18 19:11:48,5.9485,80.5353,79.25,86,97,7.49
72,Leh,IN,2022-04-18 19:11:49,34.1667,77.5833,39.54,42,0,5.26
73,Emba,KZ,2022-04-18 19:11:52,48.8264,58.1442,57.18,50,99,4.72
74,Ancud,CL,2022-04-18 19:11:53,-41.8697,-73.8203,54.23,69,86,6.11
75,Marystown,CA,2022-04-18 19:11:54,47.1666,-55.1483,40.98,69,31,27.72
76,Thompson,CA,2022-04-18 19:10:19,55.7435,-97.8558,35.73,68,100,6.69
77,Flinders,AU,2022-04-18 19:11:54,-34.5833,150.8552,68.38,82,100,3.0
78,Kiruna,SE,2022-04-18 19:11:55,67.8557,20.2251,36.52,87,96,2.3
79,East London,ZA,2022-04-18 19:11:55,-33.0153,27.9116,65.34,94,100,10.36
80,Allauch,FR,2022-04-18 19:11:56,43.3357,5.482,58.23,73,41,4.0
81,Nishihara,JP,2022-04-18 19:11:56,26.1842,127.7558,70.88,71,100,3.44
82,Llata,PE,2022-04-18 19:11:57,-9.4167,-76.7833,66.63,53,87,7.74
83,Vila Franca Do Campo,PT,2022-04-18 19:07:53,37.7167,-25.4333,61.21,71,80,12.73
84,Hasaki,JP,2022-04-18 19:11:58,35.7333,140.8333,52.2,78,100,14.9
85,Tuktoyaktuk,CA,2022-04-18 19:11:59,69.4541,-133.0374,9.81,79,4,6.71
86,Upernavik,GL,2022-04-18 19:11:59,72.7868,-56.1549,9.0,90,100,2.8
87,Nalut,LY,2022-04-18 19:12:00,30.3333,10.85,66.51,23,0,10.89
88,Mayo,US,2022-04-18 19:12:00,38.8876,-76.5119,50.11,71,100,18.41
89,Porto Novo,BJ,2022-04-18 19:12:01,6.4965,2.6036,77.7,82,100,5.59
90,Ponta Do Sol,PT,2022-04-18 19:11:48,32.6667,-17.1,67.01,62,32,11.97
91,Dalvik,IS,2022-04-18 19:12:01,65.9702,-18.5286,38.05,97,100,7.72
92,Hualmay,PE,2022-04-18 19:12:02,-11.0964,-77.6139,71.22,73,95,10.25
93,Cherskiy,RU,2022-04-18 19:12:03,68.75,161.3,15.94,95,100,3.04
94,Nkan,GA,2022-04-18 19:12:03,0.3833,9.7833,77.32,92,100,2.64
95,Bima,ID,2022-04-18 19:12:04,-8.4667,118.7167,76.86,90,100,1.7
96,Santa Rosalia,MX,2022-04-18 19:12:04,27.3167,-112.2833,83.62,20,13,8.46
97,Saint-Pierre,RE,2022-04-18 19:12:05,-21.3393,55.4781,77.29,85,40,4.61
98,Nantucket,US,2022-04-18 19:12:06,41.2835,-70.0995,52.09,65,0,17.27
99,Lubango,AO,2022-04-18 19:12:06,-14.9172,13.4925,62.6,88,97,5.44
100,Chokurdakh,RU,2022-04-18 19:12:07,70.6333,147.9167,-5.98,100,64,4.23
101,Mar Del Plata,AR,2022-04-18 19:07:43,-38.0023,-57.5575,64.42,91,40,18.01
102,Puerto Del Rosario,ES,2022-04-18 19:12:08,28.5004,-13.8627,67.75,83,20,17.27
103,Isilkul,RU,2022-04-18 19:12:09,54.9109,71.2728,38.59,52,19,6.69
104,Walvis Bay,NA,2022-04-18 19:12:09,-22.9575,14.5053,61.09,57,26,5.95
105,Srivardhan,IN,2022-04-18 19:12:10,18.0333,73.0167,80.44,75,3,5.77
106,Naruja,GE,2022-04-18 19:12:10,41.9069,41.9542,79.12,57,21,7.47
107,Tilichiki,RU,2022-04-18 19:12:11,60.4667,166.1,9.63,96,100,5.95
108,Saskylakh,RU,2022-04-18 19:12:11,71.9167,114.0833,11.5,94,100,14.76
109,Grand-Santi,GF,2022-04-18 19:12:12,4.25,-54.3833,81.19,88,66,3.8
110,New Philadelphia,US,2022-04-18 19:12:12,40.4898,-81.4457,43.72,91,100,6.91
111,Sitka,US,2022-04-18 19:12:13,57.0531,-135.33,46.29,36,40,3.44
112,Copiapo,CL,2022-04-18 19:08:44,-27.3667,-70.3333,64.09,35,0,7.78
113,Faanui,PF,2022-04-18 19:12:14,-16.4833,-151.75,80.47,75,1,9.95
114,Broken Hill,AU,2022-04-18 19:12:14,-31.95,141.4333,59.72,80,34,10.47
115,Belousovka,KZ,2022-04-18 19:12:15,50.1339,82.5239,50.81,45,100,5.48
116,Nome,US,2022-04-18 19:12:16,64.5011,-165.4064,33.87,69,100,14.97
117,Tarpon Springs,US,2022-04-18 19:12:16,28.1461,-82.7568,87.8,60,0,10.36
118,Yellowknife,CA,2022-04-18 19:12:17,62.456,-114.3525,21.56,37,95,8.01
119,Nyurba,RU,2022-04-18 19:12:18,63.2842,118.3319,21.69,93,100,11.12
120,Hilo,US,2022-04-18 19:12:19,19.7297,-155.09,79.29,82,40,3.44
121,Vila Velha,BR,2022-04-18 19:09:23,-20.3297,-40.2925,80.55,63,20,12.66
122,Wilmington,US,2022-04-18 19:09:37,34.2257,-77.9447,66.94,92,75,5.75
123,Vaini,TO,2022-04-18 19:12:20,-21.2,-175.2,78.96,94,75,5.75
124,Mascali,IT,2022-04-18 19:12:21,37.7558,15.1959,57.2,88,2,8.63
125,Ilulissat,GL,2022-04-18 19:12:21,69.2167,-51.1,14.02,79,100,14.97
126,Port Alfred,ZA,2022-04-18 19:12:22,-33.5906,26.891,60.19,95,46,2.28
127,Saint-Francois,FR,2022-04-18 19:12:22,46.4154,3.9054,58.44,47,0,2.3
128,Georgetown,MY,2022-04-18 19:09:41,5.4112,100.3354,80.53,89,20,0.0
129,Linxia,CN,2022-04-18 19:12:23,35.6003,103.2064,42.84,43,1,0.72
130,Grindavik,IS,2022-04-18 19:12:24,63.8424,-22.4338,45.07,70,75,16.11
131,Russell,US,2022-04-18 19:12:24,32.3502,-85.1999,76.15,68,75,10.36
132,Auki,SB,2022-04-18 19:12:25,-8.7676,160.7034,76.44,88,86,4.79
133,Aswan,EG,2022-04-18 19:12:26,24.0934,32.907,91.58,8,70,2.37
134,Lorengau,PG,2022-04-18 19:12:26,-2.0226,147.2712,82.36,73,100,7.31
135,Ambovombe,MG,2022-04-18 19:12:27,-25.1667,46.0833,74.28,89,39,13.24
136,Souillac,MU,2022-04-18 19:12:27,-20.5167,57.5167,78.04,87,39,10.76
137,Njombe,TZ,2022-04-18 19:12:28,-9.3333,34.7667,57.92,98,69,5.75
138,Tomatlan,MX,2022-04-18 19:12:28,19.9333,-105.25,89.51,43,12,11.77
139,Bangui,CF,2022-04-18 19:12:29,4.3612,18.555,75.69,82,100,2.01
140,Labuhan,ID,2022-04-18 19:12:29,-6.8844,112.2051,79.48,88,100,5.88
141,Temyasovo,RU,2022-04-18 19:12:30,52.9933,58.1014,46.87,81,100,3.78
142,Keflavik,IS,2022-04-18 19:12:31,64.0049,-22.5624,45.03,70,75,16.11
143,Sayyan,YE,2022-04-18 19:08:55,15.1718,44.3244,66.34,28,99,4.63
144,Dondo,MZ,2022-04-18 19:12:32,-19.6094,34.7431,76.51,86,96,8.21
145,Severo-Kurilsk,RU,2022-04-18 19:12:33,50.6789,156.125,28.71,90,76,5.03
146,Westerland,DE,2022-04-18 19:12:33,54.9079,8.3033,53.62,50,0,1.14
147,Boende,CD,2022-04-18 19:12:34,-0.2167,20.8667,73.85,93,73,2.95
148,Zhigansk,RU,2022-04-18 19:12:34,66.7697,123.3711,28.8,96,100,16.44
149,Kastamonu,TR,2022-04-18 19:12:35,41.5,33.6667,45.01,86,100,5.12
150,Cabo San Lucas,MX,2022-04-18 19:09:38,22.8909,-109.9124,92.61,39,0,6.91
151,Fairbanks,US,2022-04-18 19:12:36,64.8378,-147.7164,36.91,35,0,10.36
152,Torbay,CA,2022-04-18 19:12:36,47.6666,-52.7314,43.39,67,24,15.01
153,Geraldton,AU,2022-04-18 19:12:37,-28.7667,114.6,55.81,67,0,10.36
154,Sault Sainte Marie,CA,2022-04-18 19:12:37,46.5168,-84.3333,34.36,85,100,5.75
155,Dingle,PH,2022-04-18 19:12:38,10.9995,122.6711,76.82,85,25,9.42
156,Bilma,NE,2022-04-18 19:08:44,18.6853,12.9164,84.2,14,40,10.58
157,Wajima,JP,2022-04-18 19:12:39,37.4,136.9,51.3,83,33,11.39
158,Castro,BR,2022-04-18 19:12:39,-24.7911,-50.0119,67.62,57,43,3.18
159,Uyuni,BO,2022-04-18 19:12:40,-20.4597,-66.825,58.19,9,0,13.31
160,Mandalgovi,MN,2022-04-18 19:12:40,45.7625,106.2708,44.53,34,0,15.48
161,Nador,MA,2022-04-18 19:12:41,35.174,-2.9287,66.45,77,0,1.14
162,Barra,BR,2022-04-18 19:12:41,-11.0894,-43.1417,82.58,59,100,3.91
163,Payo,ID,2022-04-18 19:12:42,-3.7508,103.6372,73.08,100,100,2.13
164,Maple Creek,CA,2022-04-18 19:11:42,49.9168,-109.4848,44.28,44,99,16.02
165,Livingston,GB,2022-04-18 19:12:44,55.9029,-3.5226,51.21,54,20,5.75
166,Avera,US,2022-04-18 19:12:44,33.194,-82.5271,69.31,71,63,9.37
167,The Valley,AI,2022-04-18 19:09:00,18.217,-63.0578,82.81,61,20,20.71
168,Rocha,UY,2022-04-18 19:09:17,-34.4833,-54.3333,71.8,51,71,9.71
169,Aksum,ET,2022-04-18 19:12:46,14.1245,38.7244,70.83,30,14,13.85
170,Quang Ngai,VN,2022-04-18 19:11:54,15.1167,108.8,71.98,93,82,7.0
171,Taoudenni,ML,2022-04-18 19:12:47,22.6783,-3.9836,84.65,10,6,9.71
172,Myaundzha,RU,2022-04-18 19:12:47,63.0494,147.1858,-0.58,100,98,2.19
173,Portland,US,2022-04-18 19:09:18,45.5234,-122.6762,52.9,86,100,9.22
174,Kwinana,AU,2022-04-18 19:12:48,-32.25,115.7667,56.8,70,0,6.31
175,Waipawa,NZ,2022-04-18 19:12:49,-41.4122,175.5153,51.73,94,12,5.82
176,Katsuura,JP,2022-04-18 19:12:50,35.1333,140.3,56.57,87,100,12.57
177,Balfron,GB,2022-04-18 19:12:51,56.0681,-4.3356,50.81,74,37,6.55
178,Aligudarz,IR,2022-04-18 19:12:51,33.4006,49.6949,51.3,20,2,1.79
179,Bonthe,SL,2022-04-18 19:12:52,7.5264,-12.505,80.13,71,100,10.49
180,Ndioum,SN,2022-04-18 19:12:53,16.5129,-14.6471,100.26,10,18,9.42
181,Tasiilaq,GL,2022-04-18 19:12:53,65.6145,-37.6368,33.96,97,100,5.99
182,Port Blair,IN,2022-04-18 19:12:54,11.6667,92.75,82.56,69,100,2.44
183,Kaiyuan,CN,2022-04-18 19:12:54,23.6977,103.3037,56.34,83,100,4.0
184,Ust-Nera,RU,2022-04-18 19:12:56,64.5667,143.2,-1.44,96,56,3.09
185,Alikalia,SL,2022-04-18 19:12:56,9.1667,-11.4,81.97,53,100,3.06
186,Terrace Bay,CA,2022-04-18 19:12:57,48.7834,-87.1,30.69,97,100,13.18
187,Acajutla,SV,2022-04-18 19:12:58,13.5928,-89.8275,87.37,62,17,10.85
188,Bambous Virieux,MU,2022-04-18 19:12:58,-20.3428,57.7575,79.21,85,12,11.63
189,Qui Nhon,VN,2022-04-18 19:12:59,13.7667,109.2333,73.94,91,100,7.83
190,Clyde River,CA,2022-04-18 19:12:59,70.4692,-68.5914,-1.35,81,100,1.86
191,Zverinogolovskoye,RU,2022-04-18 19:13:00,54.4586,64.8542,45.99,59,76,5.84
192,Kieta,PG,2022-04-18 19:13:00,-6.2167,155.6333,77.9,86,100,2.59
193,Bekhtery,UA,2022-04-18 19:13:02,46.251,32.2927,41.52,88,100,14.43
194,Moindou,NC,2022-04-18 19:13:03,-21.6924,165.677,74.1,83,94,2.84
195,Hailar,CN,2022-04-18 19:13:03,49.2,119.7,47.28,38,98,8.81
196,Longyearbyen,SJ,2022-04-18 19:13:04,78.2186,15.6401,15.64,79,20,4.61
197,Caramay,PH,2022-04-18 19:13:04,10.1815,119.236,79.74,83,44,8.05
198,Roald,NO,2022-04-18 19:13:05,62.5833,6.1333,50.92,81,0,1.14
199,Salalah,OM,2022-04-18 19:13:05,17.0151,54.0924,82.49,78,75,5.75
200,Padang,ID,2022-04-18 19:13:06,-0.9492,100.3543,78.01,87,100,2.86
201,Harper,LR,2022-04-18 19:13:06,4.375,-7.7169,77.18,91,100,8.68
202,Fergus Falls,US,2022-04-18 19:13:07,46.283,-96.0776,32.18,72,40,23.02
203,Kotka,FI,2022-04-18 19:13:07,60.4664,26.9458,45.66,91,75,3.78
204,Meulaboh,ID,2022-04-18 19:13:08,4.1363,96.1285,77.14,90,100,3.94
205,Bintulu,MY,2022-04-18 19:13:08,3.1667,113.0333,79.36,84,95,3.67
206,Ust-Kan,RU,2022-04-18 19:13:09,50.9276,84.761,45.19,51,100,5.39
207,Mustafabad,PK,2022-04-18 19:13:11,30.8922,73.4989,85.75,25,9,6.06
208,Antofagasta,CL,2022-04-18 19:09:03,-23.65,-70.4,63.68,63,0,7.25
209,Poum,NC,2022-04-18 19:13:12,-20.2333,164.0167,77.38,78,6,10.69
210,Morondava,MG,2022-04-18 19:13:12,-20.2833,44.2833,80.78,81,7,8.16
211,Apac,UG,2022-04-18 19:13:13,1.9756,32.5386,70.21,80,100,1.63
212,Nicosia,CY,2022-04-18 19:13:14,35.1667,33.3667,66.33,72,100,16.11
213,Kenitra,MA,2022-04-18 19:13:14,34.261,-6.5802,65.16,90,92,7.43
214,Berlevag,NO,2022-04-18 19:13:14,70.8578,29.0864,40.8,97,100,25.77
215,Amapa,BR,2022-04-18 19:13:15,1.0,-52.0,78.66,95,100,2.19
216,Gravelbourg,CA,2022-04-18 19:13:17,49.8834,-106.5512,32.29,81,19,9.44
217,Teguise,ES,2022-04-18 19:13:17,29.0605,-13.564,70.02,56,0,21.85
218,Kansanshi,ZM,2022-04-18 19:13:18,-12.0951,26.4273,61.5,96,15,3.71
219,Sao Filipe,CV,2022-04-18 19:13:18,14.8961,-24.4956,72.5,75,79,11.81
220,Mokhsogollokh,RU,2022-04-18 19:13:19,61.4681,128.9203,25.77,98,100,2.15
221,Port Hardy,CA,2022-04-18 19:13:19,50.6996,-127.4199,41.18,87,100,19.57
222,Khani,GE,2022-04-18 19:13:20,41.9563,42.9566,65.77,62,58,9.37
223,Pevek,RU,2022-04-18 19:13:21,69.7008,170.3133,9.55,94,100,5.01
224,Imeni Babushkina,RU,2022-04-18 19:13:21,59.7573,43.1285,34.09,99,98,3.29
225,Byron Bay,AU,2022-04-18 19:08:41,-28.65,153.6167,57.7,83,11,2.8
226,Gornopravdinsk,RU,2022-04-18 19:13:22,60.05,69.9,27.95,88,79,6.55
227,Biysk,RU,2022-04-18 19:13:23,52.5364,85.2072,51.06,73,100,13.62
228,Theunissen,ZA,2022-04-18 19:13:23,-28.411,26.7011,56.55,56,0,5.82
229,Tawau,MY,2022-04-18 19:13:24,4.2498,117.8871,78.01,87,19,5.59
230,Vierzon,FR,2022-04-18 19:13:25,47.2101,2.0625,63.95,75,100,6.76
231,Rodino,RU,2022-04-18 19:13:26,52.5,80.25,46.96,80,100,13.89
232,Daru,PG,2022-04-18 19:13:26,-9.0763,143.2092,74.91,90,100,3.53
233,Paka,MY,2022-04-18 19:13:27,4.6374,103.4368,78.91,86,100,2.66
234,Oranjemund,NA,2022-04-18 19:13:28,-28.55,16.4333,67.37,51,0,11.83
235,Boshnyakovo,RU,2022-04-18 19:13:28,49.6333,142.1667,25.75,86,12,7.16
236,Bowen,AU,2022-04-18 19:13:29,-20.0167,148.2333,69.69,92,11,10.2
237,Shimoda,JP,2022-04-18 19:13:29,34.6667,138.95,54.1,87,100,10.47
238,Ipora,BR,2022-04-18 19:13:26,-16.4419,-51.1178,85.96,41,5,0.54
239,Bathsheba,BB,2022-04-18 19:13:30,13.2167,-59.5167,83.01,65,40,20.71
240,Launceston,AU,2022-04-18 19:12:28,-41.45,147.1667,54.81,97,100,5.75
241,Oriximina,BR,2022-04-18 19:12:05,-1.7656,-55.8661,83.23,74,100,0.94
242,Marawi,PH,2022-04-18 19:13:32,7.9986,124.2928,69.75,97,96,1.57
243,Bethel,US,2022-04-18 19:13:33,41.3712,-73.414,53.02,50,0,11.5
244,Faya,SA,2022-04-18 19:13:34,18.3851,42.4509,68.52,46,53,5.03
245,Outlook,CA,2022-04-18 19:13:34,51.5001,-107.0513,44.24,39,10,7.56
246,Kavieng,PG,2022-04-18 19:13:35,-2.5744,150.7967,82.94,72,93,12.88
247,College,US,2022-04-18 19:11:14,64.8569,-147.8028,36.9,35,0,10.36
248,Jimenez,MX,2022-04-18 19:13:36,28.3333,-105.4,90.0,15,83,5.97
249,Evensk,RU,2022-04-18 19:13:36,61.95,159.2333,22.95,96,100,2.84
250,Kalmunai,LK,2022-04-18 19:11:42,7.4167,81.8167,81.81,76,98,1.48
251,Svay Rieng,KH,2022-04-18 19:13:37,11.0879,105.7993,80.55,74,40,6.87
252,Sulangan,PH,2022-04-18 19:13:38,11.1373,123.7228,81.27,74,5,14.63
253,Biak,ID,2022-04-18 19:13:38,-0.9131,122.8766,76.39,83,51,0.96
254,Hithadhoo,MV,2022-04-18 19:13:39,-0.6,73.0833,83.46,71,100,2.91
255,Agadez,NE,2022-04-18 19:13:40,19.75,10.25,80.42,15,100,9.64
256,Sinnamary,GF,2022-04-18 19:13:40,5.3833,-52.95,79.74,85,99,10.56
257,Chuy,UY,2022-04-18 19:10:33,-33.6971,-53.4616,69.91,64,21,11.05
258,Eureka,US,2022-04-18 19:13:41,40.8021,-124.1637,57.67,76,100,8.99
259,Nova Olimpia,BR,2022-04-18 19:13:42,-14.7972,-57.2881,85.84,42,14,3.89
260,Mnogovershinnyy,RU,2022-04-18 19:13:43,53.9353,139.9242,18.21,97,100,5.46
261,Andijon,UZ,2022-04-18 19:13:43,40.7821,72.3442,67.28,34,79,4.56
262,Isangel,VU,2022-04-18 19:13:44,-19.55,169.2667,78.3,86,100,5.1
263,Llanes,ES,2022-04-18 19:08:47,43.4198,-4.7549,55.17,94,100,5.84
264,Nivala,FI,2022-04-18 19:13:44,63.9167,24.9667,36.41,98,83,2.57
265,Kutum,SD,2022-04-18 19:13:45,14.2,24.6667,87.78,24,100,7.0
266,Mongomo,GQ,2022-04-18 19:13:46,1.6274,11.3135,70.12,98,97,3.15
267,Juba,SS,2022-04-18 19:13:47,4.8517,31.5825,81.91,52,10,4.56
268,Saint-Philippe,RE,2022-04-18 19:13:47,-21.3585,55.7679,77.22,88,22,11.18
269,Dali,CN,2022-04-18 19:13:48,25.7,100.1833,53.28,82,10,3.24
270,Arraial Do Cabo,BR,2022-04-18 19:13:49,-22.9661,-42.0278,76.86,69,0,4.61
271,Phalombe,MW,2022-04-18 19:13:49,-15.8064,35.6507,66.78,94,95,4.07
272,Mazara Del Vallo,IT,2022-04-18 19:13:50,37.6641,12.588,53.92,63,2,12.15
273,Sao Jose Da Coroa Grande,BR,2022-04-18 19:13:50,-8.8978,-35.1478,82.11,73,84,8.05
274,Lebu,CL,2022-04-18 19:13:51,-37.6167,-73.65,57.79,87,100,5.73
275,Shibata,JP,2022-04-18 19:13:51,37.95,139.3333,49.41,91,1,3.65
276,Airai,TL,2022-04-18 19:13:52,-8.9266,125.4092,60.24,87,99,2.46
277,Kwidzyn,PL,2022-04-18 19:13:52,53.7249,18.9311,42.28,63,100,10.56
278,Buta,CD,2022-04-18 19:13:53,2.7858,24.73,72.5,91,29,0.81
279,Khuzhir,RU,2022-04-18 19:13:54,53.1939,107.3397,38.43,90,100,5.73
280,Vidim,RU,2022-04-18 19:13:54,56.4088,103.1106,32.63,84,100,9.62
281,Chiang Rai,TH,2022-04-18 19:13:55,19.9167,99.9167,72.57,99,20,1.01
282,Malakal,SS,2022-04-18 19:13:55,9.5334,31.6605,94.32,29,10,5.32
283,Constantine,DZ,2022-04-18 19:13:56,36.365,6.6147,60.21,51,0,5.75
284,Talcahuano,CL,2022-04-18 19:13:56,-36.7167,-73.1167,60.48,82,75,10.36
285,Luderitz,NA,2022-04-18 19:13:57,-26.6481,15.1594,77.16,37,1,11.43
286,Algiers,DZ,2022-04-18 19:09:01,36.7525,3.042,64.22,48,75,6.91
287,Coquimbo,CL,2022-04-18 19:13:58,-29.9533,-71.3436,56.93,82,100,6.91
288,Los Llanos De Aridane,ES,2022-04-18 19:13:59,28.6585,-17.9182,65.95,73,75,14.97
289,Trapani,IT,2022-04-18 19:13:59,37.8333,12.6667,52.27,77,4,7.11
290,Koslan,RU,2022-04-18 19:14:00,63.4564,48.8989,32.31,98,100,3.18
291,Elblag,PL,2022-04-18 19:14:00,54.1522,19.4088,42.98,71,100,9.22
292,Nemuro,JP,2022-04-18 19:14:01,43.3236,145.575,35.82,98,100,10.11
293,Bay City,US,2022-04-18 19:14:01,43.5945,-83.8889,34.11,93,100,8.05
294,Madera,US,2022-04-18 19:10:38,37.1666,-119.8343,76.51,44,96,1.01
295,Owando,CG,2022-04-18 19:14:02,-0.4819,15.8999,75.58,87,100,1.63
296,San Patricio,US,2022-04-18 19:14:03,28.017,-97.5169,90.16,47,71,14.72
297,Guarapari,BR,2022-04-18 19:14:03,-20.6667,-40.4975,77.9,65,4,12.3
298,Solnechnyy,RU,2022-04-18 19:14:04,50.7214,136.6319,27.37,87,100,5.57
299,Manono,CD,2022-04-18 19:13:12,-7.3,27.4167,74.26,79,7,4.94
300,Half Moon Bay,US,2022-04-18 19:14:04,37.4636,-122.4286,69.89,54,75,6.91
301,Trairi,BR,2022-04-18 19:14:05,-3.2778,-39.2689,82.06,80,100,6.31
302,Mackenzie,CA,2022-04-18 19:14:05,55.2999,-123.1698,30.65,59,100,7.36
303,Chara,RU,2022-04-18 19:14:06,56.9064,118.2631,27.88,84,72,4.52
304,Deputatskiy,RU,2022-04-18 19:14:06,69.3,139.9,-5.91,100,100,2.35
305,Nuuk,GL,2022-04-18 19:14:07,64.1835,-51.7216,18.21,73,100,16.11
306,Pekan,MY,2022-04-18 19:14:07,3.4836,103.3996,78.06,89,100,3.31
307,Bongandanga,CD,2022-04-18 19:14:08,1.5,21.05,74.16,90,100,1.74
308,Havre-Saint-Pierre,CA,2022-04-18 19:10:40,50.2334,-63.5986,37.13,58,94,8.59
309,Esperance,AU,2022-04-18 19:14:09,-33.8667,121.9,60.62,81,62,9.64
310,Xichang,CN,2022-04-18 19:14:11,27.8964,102.2634,46.29,91,100,2.44
311,Abbeville,FR,2022-04-18 19:14:11,50.1,1.8333,53.49,87,100,6.96
312,Soderhamn,SE,2022-04-18 19:14:12,61.3037,17.0592,48.96,76,100,3.58
313,Perth,AU,2022-04-18 19:09:25,-31.9333,115.8333,56.66,88,0,0.0
314,Mahanje,TZ,2022-04-18 19:09:18,-9.9333,35.3333,65.64,95,66,1.41
315,Buala,SB,2022-04-18 19:14:13,-8.145,159.5921,80.26,81,100,7.23
316,Rio Grande,BR,2022-04-18 19:14:14,-32.035,-52.0986,78.91,66,19,12.68
317,Port Hawkesbury,CA,2022-04-18 19:14:14,45.6169,-61.3485,43.92,65,79,11.01
318,Antalaha,MG,2022-04-18 19:14:16,-14.9003,50.2788,74.75,88,96,7.7
319,Buritizeiro,BR,2022-04-18 19:14:17,-17.3511,-44.9622,87.85,33,50,7.05
320,Guerrero Negro,MX,2022-04-18 19:14:17,27.9769,-114.0611,69.89,59,80,16.26
321,Turukhansk,RU,2022-04-18 19:14:19,65.8167,87.9833,19.65,95,100,16.44
322,Okha,RU,2022-04-18 19:14:19,53.5739,142.9478,23.34,91,22,10.58
323,Catuday,PH,2022-04-18 19:14:20,16.2923,119.8062,79.14,76,6,7.52
324,Caraballeda,VE,2022-04-18 19:14:20,10.6112,-66.8522,84.27,70,75,4.61
325,Menongue,AO,2022-04-18 19:14:21,-14.6585,17.691,64.27,94,76,4.25
326,Houma,US,2022-04-18 19:13:04,29.5958,-90.7195,77.0,68,0,16.11
327,Egvekinot,RU,2022-04-18 19:14:22,66.3167,-179.1667,25.25,97,100,5.01
328,Muyezerskiy,RU,2022-04-18 19:14:22,63.9333,31.65,34.68,99,100,2.15
329,Port-Gentil,GA,2022-04-18 19:14:23,-0.7193,8.7815,84.16,79,75,9.22
330,Suicheng,CN,2022-04-18 19:14:23,33.8963,117.9331,50.04,87,22,4.0
331,Tommot,RU,2022-04-18 19:14:24,58.9564,126.2925,37.35,88,100,17.29
332,Muros,ES,2022-04-18 19:11:45,42.7762,-9.0603,54.84,69,10,17.54
333,Lewiston,US,2022-04-18 19:13:36,44.1003,-70.2148,60.04,30,0,4.61
334,Namibe,AO,2022-04-18 19:14:26,-15.1961,12.1522,74.19,77,97,3.09
335,Brainerd,US,2022-04-18 19:10:35,46.358,-94.2008,33.82,60,100,17.27
336,Veraval,IN,2022-04-18 19:14:27,20.9,70.3667,80.02,73,0,11.92
337,Kabale,UG,2022-04-18 19:14:28,-1.2486,29.9899,59.27,96,98,2.33
338,Konstantinovka,RU,2022-04-18 19:14:28,49.6167,127.9833,41.92,49,100,10.74
339,Tautira,PF,2022-04-18 19:14:29,-17.7333,-149.15,80.01,75,31,8.63
340,Aden,YE,2022-04-18 19:11:44,12.7794,45.0367,83.44,73,28,14.58
341,Prince George,CA,2022-04-18 19:14:30,53.9166,-122.753,44.04,49,75,16.11
342,Yumen,CN,2022-04-18 19:14:30,40.2833,97.2,48.16,15,0,9.04
343,Am Timan,TD,2022-04-18 19:14:31,11.0297,20.2827,80.56,63,49,5.44
344,Rahuri,IN,2022-04-18 19:14:31,19.3833,74.65,86.5,31,0,10.78
345,Pavlovsk,RU,2022-04-18 19:14:32,50.4578,40.1081,55.85,69,99,13.33
346,Gladstone,AU,2022-04-18 19:14:32,-23.85,151.25,68.79,94,100,5.75
347,Ajaccio,FR,2022-04-18 19:14:33,42.0,8.9167,51.78,72,0,2.3
348,Laguna,US,2022-04-18 19:14:33,38.421,-121.4238,67.78,52,0,8.05
349,Matay,EG,2022-04-18 19:14:34,28.419,30.7792,77.09,36,100,12.48
350,Sechura,PE,2022-04-18 19:14:34,-5.5569,-80.8222,79.83,56,80,11.95
351,Sambhal,IN,2022-04-18 19:14:35,28.5833,78.55,87.57,10,0,8.37
352,Mangai,CD,2022-04-18 19:14:35,-4.05,19.5333,78.94,73,90,1.05
353,Gnjilane,XK,2022-04-18 19:14:36,42.4604,21.4699,41.32,72,72,5.01
354,Te Anau,NZ,2022-04-18 19:14:36,-45.4167,167.7167,52.66,91,100,2.95
355,Norwich,GB,2022-04-18 19:14:37,52.6278,1.2983,57.47,74,0,8.05
356,Komsomolskiy,UZ,2022-04-18 19:14:37,40.4272,71.7189,74.71,32,86,13.13
357,Leningradskiy,RU,2022-04-18 19:14:38,69.3833,178.4167,11.52,90,99,3.96
358,Kaeo,NZ,2022-04-18 19:14:38,-35.1,173.7833,69.33,98,32,7.94
359,Teya,RU,2022-04-18 19:14:39,60.3778,92.6267,0.97,100,71,3.4
360,Bethanien,NA,2022-04-18 19:14:39,-26.502,17.1583,73.58,26,1,9.75
361,Kencong,ID,2022-04-18 19:14:41,-8.2833,113.3667,76.35,92,100,3.31
362,Elbistan,TR,2022-04-18 19:14:41,38.2059,37.1983,62.44,36,100,6.71
363,Sao Joao Da Barra,BR,2022-04-18 19:14:42,-21.6403,-41.0511,80.69,65,29,13.51
364,Tari,NG,2022-04-18 19:14:42,12.4086,4.4914,94.66,13,100,6.29
365,Inuvik,CA,2022-04-18 19:14:43,68.3499,-133.7218,17.91,82,11,9.82
366,Skjervoy,NO,2022-04-18 19:14:43,70.0311,20.9714,46.4,91,100,7.94
367,Fort Nelson,CA,2022-04-18 19:14:44,58.8053,-122.7002,22.48,73,100,6.08
368,Alice Springs,AU,2022-04-18 19:12:34,-23.7,133.8833,63.95,59,7,6.91
369,Leshukonskoye,RU,2022-04-18 19:14:45,64.8989,45.7622,31.91,98,100,3.13
370,Seidu,SL,2022-04-18 19:14:45,9.0167,-10.6,74.37,81,100,2.8
371,Lucapa,AO,2022-04-18 19:14:46,-8.4192,20.7447,69.28,90,95,3.29
372,Hami,CN,2022-04-18 19:14:46,42.8,93.45,57.36,14,0,3.11
373,Henties Bay,NA,2022-04-18 19:14:47,-22.116,14.2845,65.34,72,57,5.01
374,Namie,JP,2022-04-18 19:14:47,37.4833,141.0,49.71,96,100,5.23
375,Acapulco,MX,2022-04-18 19:14:46,16.8634,-99.8901,85.82,66,0,12.66
376,Hofn,IS,2022-04-18 19:14:49,64.2539,-15.2082,44.67,76,100,13.6
377,Shache,CN,2022-04-18 19:14:50,38.4167,77.2406,62.02,18,0,5.79
378,Sawtell,AU,2022-04-18 19:14:50,-30.3833,153.1,60.82,88,9,6.91
379,Bria,CF,2022-04-18 19:14:50,6.5423,21.9863,70.18,95,100,15.37
380,Pacific Grove,US,2022-04-18 19:14:51,36.6177,-121.9166,65.41,54,0,3.44
381,Shelburne,CA,2022-04-18 19:12:29,44.0787,-80.2041,42.91,49,100,17.11
382,Iskateley,RU,2022-04-18 19:14:52,67.6803,53.1512,27.37,96,100,7.56
383,Pisco,PE,2022-04-18 19:14:52,-13.7,-76.2167,68.05,73,0,8.05
384,Scottsbluff,US,2022-04-18 19:14:53,41.8666,-103.6672,55.78,33,0,5.99
385,Aragarcas,BR,2022-04-18 19:14:54,-15.8975,-52.2508,86.99,46,8,2.17
386,Amga,RU,2022-04-18 19:14:54,60.8953,131.9608,26.47,97,100,5.35
387,Along,IN,2022-04-18 19:14:55,28.1667,94.7667,63.79,91,44,2.04
388,Muroto,JP,2022-04-18 19:14:56,33.2833,134.15,61.66,59,100,8.75
389,Carnarvon,AU,2022-04-18 19:14:56,-24.8667,113.6333,66.27,77,24,9.22
390,Hambantota,LK,2022-04-18 19:14:57,6.1241,81.1185,80.24,85,63,11.72
391,Hamilton,US,2022-04-18 19:14:49,39.1834,-84.5333,41.65,86,100,19.57
392,Amahai,ID,2022-04-18 19:14:57,-3.3333,128.9167,78.01,87,76,3.94
393,Soure,BR,2022-04-18 19:14:58,-0.7167,-48.5233,81.77,80,100,8.16
394,Roma,US,2022-04-18 19:13:10,43.2128,-75.4557,57.69,32,0,16.11
395,Benguela,AO,2022-04-18 19:14:59,-12.5763,13.4055,77.67,90,100,6.89
396,Chapais,CA,2022-04-18 19:14:59,49.7834,-74.8492,37.45,62,100,5.14
397,Dubbo,AU,2022-04-18 19:15:00,-32.25,148.6167,57.33,82,83,9.22
398,Ibra,OM,2022-04-18 19:13:57,22.6906,58.5334,81.64,36,6,2.21
399,Sisimiut,GL,2022-04-18 19:15:00,66.9395,-53.6735,14.27,76,100,11.07
400,Ukiah,US,2022-04-18 19:15:02,39.1502,-123.2078,60.44,70,100,8.05
401,Dunhua,CN,2022-04-18 19:15:02,43.3725,128.2425,38.66,50,8,6.2
402,Kailua,US,2022-04-18 19:15:03,21.4022,-157.7394,80.58,68,14,4.0
403,Gambela,ET,2022-04-18 19:15:03,8.25,34.5833,81.01,61,35,4.92
404,Yuci,CN,2022-04-18 19:15:04,37.6803,112.7319,38.95,81,0,2.24
405,Shingu,JP,2022-04-18 19:15:04,33.7333,135.9833,54.25,67,97,5.88
406,Kahului,US,2022-04-18 19:12:11,20.8947,-156.47,77.02,70,40,17.27
407,Vrangel,RU,2022-04-18 19:15:05,42.7297,133.0839,40.68,57,0,4.21
408,Salinas,US,2022-04-18 19:12:05,36.6777,-121.6555,67.98,47,0,10.36
409,Concepcion Del Oro,MX,2022-04-18 19:15:06,24.6333,-101.4167,80.06,25,64,10.22
410,Yenagoa,NG,2022-04-18 19:15:06,4.9247,6.2642,77.31,90,100,6.26
411,Alamogordo,US,2022-04-18 19:15:07,32.8995,-105.9603,83.55,7,0,8.05
412,Zaria,NG,2022-04-18 19:15:08,11.1113,7.7227,83.34,44,63,4.79
413,Kunming,CN,2022-04-18 19:15:09,25.0389,102.7183,53.47,82,100,6.04
414,Jerico,CO,2022-04-18 19:15:09,5.7921,-75.786,66.07,71,100,1.99
415,Dzerzhinsk,RU,2022-04-18 19:15:10,56.2389,43.4631,40.82,75,0,4.47
416,Carutapera,BR,2022-04-18 19:15:10,-1.195,-46.02,82.63,76,100,5.84
417,Coahuayana,MX,2022-04-18 19:15:11,18.7333,-103.6833,89.56,48,100,8.52
418,Sovetskiy,RU,2022-04-18 19:15:11,61.3614,63.5842,33.37,88,100,4.76
419,Tutoia,BR,2022-04-18 19:15:12,-2.7619,-42.2744,82.53,77,94,4.99
420,Rensvik,NO,2022-04-18 19:15:13,63.1,7.8167,53.26,58,0,0.0
421,Erbaa,TR,2022-04-18 19:15:13,40.6689,36.5675,67.48,47,68,8.59
422,Tabou,CI,2022-04-18 19:15:14,4.423,-7.3528,76.53,92,100,6.78
423,Vanimo,PG,2022-04-18 19:15:14,-2.6741,141.3028,77.72,87,100,2.33
424,Berdigestyakh,RU,2022-04-18 19:15:15,62.0989,126.6992,25.21,99,100,2.35
425,Ngoro,ID,2022-04-18 19:15:15,-7.6839,112.258,75.47,91,100,1.95
426,Shakawe,BW,2022-04-18 19:15:16,-18.3667,21.85,75.34,48,87,6.55
427,Benito Juarez,MX,2022-04-18 19:15:16,19.385,-99.165,82.22,16,0,9.22
428,Kulhudhuffushi,MV,2022-04-18 19:15:17,6.6221,73.07,84.6,71,90,8.08
429,Palmer,US,2022-04-18 19:15:17,42.1584,-72.3287,60.17,24,75,12.66
430,Mikuni,JP,2022-04-18 19:15:18,36.2171,136.1519,46.31,77,100,5.46
431,Mezhdurechensk,RU,2022-04-18 19:15:19,53.6942,88.0603,46.13,92,100,4.25
432,Sangrur,IN,2022-04-18 19:15:19,30.2333,75.8333,86.0,17,9,7.38
433,Yerbogachen,RU,2022-04-18 19:15:20,61.2767,108.0108,17.53,88,100,12.82
434,Otavi,NA,2022-04-18 19:15:20,-19.65,17.3333,70.93,48,61,8.97
435,Poplar Bluff,US,2022-04-18 19:15:21,36.757,-90.3929,58.73,49,0,14.0
436,Muravlenko,RU,2022-04-18 19:15:21,63.7898,74.523,30.54,92,100,20.13
437,High Level,CA,2022-04-18 19:15:22,58.5169,-117.136,19.51,58,20,11.5
438,Weligama,LK,2022-04-18 19:15:22,5.9667,80.4167,79.68,86,98,7.29
439,Vizinga,RU,2022-04-18 19:15:23,61.0749,50.1031,28.4,97,84,2.26
440,Pyinmana,MM,2022-04-18 19:15:23,19.7333,96.2167,80.6,38,0,4.92
441,Constitucion,CL,2022-04-18 19:15:24,-35.3333,-72.4167,63.18,66,30,12.59
442,Vila,PT,2022-04-18 19:15:24,42.0304,-8.1588,44.71,79,100,8.14
443,Norman Wells,CA,2022-04-18 19:15:28,65.282,-126.8329,23.04,36,0,9.22
444,Porto Walter,BR,2022-04-18 19:15:29,-8.2686,-72.7439,82.74,75,47,3.22
445,Marion,US,2022-04-18 19:12:55,39.7684,-86.1555,43.25,77,100,19.57
446,Berezanka,UA,2022-04-18 19:15:30,46.8526,31.388,44.44,49,91,11.81
447,Saint-Augustin,CA,2022-04-18 19:15:31,51.226,-58.6502,32.86,72,6,24.81
448,Novovasylivka,UA,2022-04-18 19:15:31,46.8315,35.7536,46.42,90,36,10.92
449,Lagoa,PT,2022-04-18 19:15:32,39.05,-27.9833,58.42,69,18,16.31
450,Lasa,IT,2022-04-18 19:15:32,46.6166,10.7002,54.48,86,12,6.26
451,Mutis,CO,2022-04-18 19:15:33,6.2262,-77.4044,82.47,77,100,7.9
452,Husavik,IS,2022-04-18 19:15:33,66.0449,-17.3389,35.35,97,100,9.46
453,Tekirdag,TR,2022-04-18 19:15:34,40.978,27.5085,42.15,89,100,14.54
454,Gorey,IE,2022-04-18 19:15:34,52.6747,-6.2925,48.58,83,79,6.69
455,Ararangua,BR,2022-04-18 19:15:35,-28.9347,-49.4858,74.25,60,98,9.64
456,Nhulunbuy,AU,2022-04-18 19:15:35,-12.2333,136.7667,75.81,100,100,4.61
457,Goderich,CA,2022-04-18 19:15:36,43.7501,-81.7165,44.91,45,100,16.11
458,Kulu,TR,2022-04-18 19:15:36,39.0951,33.0799,58.21,43,0,17.49
459,Vorotynets,RU,2022-04-18 19:15:37,56.0603,45.8633,35.08,95,100,6.06
460,Iqaluit,CA,2022-04-18 19:15:37,63.7506,-68.5145,-0.31,70,75,5.75
461,Hyeres,FR,2022-04-18 19:15:38,43.1167,6.1167,59.65,71,0,5.75
462,Vao,NC,2022-04-18 19:15:39,-22.6667,167.4833,75.92,75,100,6.89
463,Novyy Urengoy,RU,2022-04-18 19:15:39,66.0833,76.6333,19.99,87,100,16.58
464,Kuala Terengganu,MY,2022-04-18 19:15:40,5.3302,103.1408,80.55,94,40,0.0
465,Vanderhoof,CA,2022-04-18 19:15:40,54.0166,-124.0198,39.85,49,100,11.05
466,Taltal,CL,2022-04-18 19:15:41,-25.4,-70.4833,64.31,71,12,4.09
467,San Quintin,MX,2022-04-18 19:15:41,30.4833,-115.95,67.98,64,5,18.23
468,Neyshabur,IR,2022-04-18 19:15:41,36.2133,58.7958,52.57,66,100,3.06
469,Valparaiso,CL,2022-04-18 19:13:12,-33.0393,-71.6273,55.63,87,100,10.36
470,Maputo,MZ,2022-04-18 19:12:07,-25.9653,32.5892,64.22,93,100,5.99
471,Christchurch,NZ,2022-04-18 19:12:09,-43.5333,172.6333,48.94,94,20,5.75
472,Dalbandin,PK,2022-04-18 19:15:43,28.8947,64.4101,71.22,48,66,4.09
473,Necochea,AR,2022-04-18 19:13:10,-38.5473,-58.7368,69.87,57,96,12.08
474,Miri,MY,2022-04-18 19:15:43,4.4148,114.0089,77.14,94,20,3.44
475,Kupang,ID,2022-04-18 19:15:44,-10.1667,123.5833,78.82,85,63,6.46
476,Kilindoni,TZ,2022-04-18 19:15:44,-7.9139,39.6668,82.4,77,12,12.77
477,Yulara,AU,2022-04-18 19:15:45,-25.2406,130.9889,58.84,67,10,3.44
478,Piltene,LV,2022-04-18 19:15:45,57.2243,21.6744,40.95,65,0,8.05
479,Challapata,BO,2022-04-18 19:11:14,-18.9,-66.7667,57.06,16,0,6.31
480,Zaragoza,ES,2022-04-18 19:15:14,41.6561,-0.8773,67.01,45,0,14.97
481,Kokopo,PG,2022-04-18 19:15:46,-4.352,152.2633,77.52,81,98,2.64
482,Beyneu,KZ,2022-04-18 19:15:47,45.3167,55.2,66.56,32,24,9.04
483,Solaro,IT,2022-04-18 19:15:47,44.8799,9.1732,51.69,72,3,4.97
484,Tarko-Sale,RU,2022-04-18 19:15:48,64.9225,77.785,30.4,94,100,22.5
485,Nuqui,CO,2022-04-18 19:15:48,5.7125,-77.2708,81.39,80,100,9.1
486,Petropavlovsk-Kamchatskiy,RU,2022-04-18 19:15:49,53.0452,158.6483,21.79,74,0,2.24
487,Yakeshi,CN,2022-04-18 19:15:49,49.2833,120.7333,43.95,50,100,6.46
488,Baykit,RU,2022-04-18 19:15:50,61.67,96.37,11.98,93,80,6.29
489,Victor Harbor,AU,2022-04-18 19:15:50,-35.5667,138.6167,59.0,77,95,1.99
490,El Jicaro,GT,2022-04-18 19:15:51,14.9167,-89.9,98.13,23,3,4.63
491,Luena,AO,2022-04-18 19:15:51,-11.7833,19.9167,64.62,96,100,3.96
492,Phan Thong,TH,2022-04-18 19:15:52,13.468,101.0953,84.27,100,100,3.53
493,Gossas,SN,2022-04-18 19:15:53,14.4912,-16.0642,91.18,31,11,16.64
494,Senneterre,CA,2022-04-18 19:15:53,48.3835,-77.2328,42.96,45,97,3.85
495,Ketchikan,US,2022-04-18 19:15:54,55.3422,-131.6461,48.67,31,0,8.05
496,Richards Bay,ZA,2022-04-18 19:15:54,-28.783,32.0377,65.08,91,100,7.36
497,Hokitika,NZ,2022-04-18 19:15:55,-42.7167,170.9667,53.24,70,100,4.7
498,Margate,GB,2022-04-18 19:15:55,51.3813,1.3862,54.3,71,100,3.0
499,Nanortalik,GL,2022-04-18 19:15:56,60.1432,-45.2371,35.01,74,100,1.99
500,Labuan,MY,2022-04-18 19:15:56,5.2767,115.2417,80.96,94,20,0.0
501,Nouadhibou,MR,2022-04-18 19:15:57,20.931,-17.0347,67.98,83,100,13.8
502,Tikapur,NP,2022-04-18 19:15:57,28.5,81.1333,80.26,16,0,5.82
503,Hermosillo,MX,2022-04-18 19:14:54,29.0667,-110.9667,103.21,8,40,7.0
504,Oum Hadjer,TD,2022-04-18 19:15:58,13.2954,19.6966,89.49,37,99,14.03
505,Pangkalanbuun,ID,2022-04-18 19:15:58,-2.6833,111.6167,74.57,99,100,0.4
506,San Pedro Buenavista,MX,2022-04-18 19:15:59,16.0833,-93.1167,98.78,19,0,5.99
507,Touros,BR,2022-04-18 19:15:59,-5.1989,-35.4608,83.8,69,51,11.43
508,Fond Du Lac,US,2022-04-18 19:12:06,43.775,-88.4388,36.09,75,100,11.5
509,Vung Tau,VN,2022-04-18 19:12:53,10.346,107.0843,81.86,74,80,21.05
510,Sorong,ID,2022-04-18 19:16:00,-0.8833,131.25,79.5,84,100,6.55
511,Bubaque,GW,2022-04-18 19:16:01,11.2833,-15.8333,75.72,75,14,12.5
512,Talnakh,RU,2022-04-18 19:16:01,69.4865,88.3972,22.21,95,100,10.83
513,Itapirapua,BR,2022-04-18 19:16:02,-15.8233,-50.6133,91.2,38,0,5.06
514,Baruun-Urt,MN,2022-04-18 19:16:04,46.6806,113.2792,48.87,28,30,16.44
515,Naze,JP,2022-04-18 19:16:04,28.3667,129.4833,59.92,83,100,9.13
516,Kaka,TM,2022-04-18 19:16:05,37.3482,59.6143,55.72,63,100,0.58
517,Pula,HR,2022-04-18 19:16:06,44.8683,13.8481,46.96,57,0,2.3
518,Voh,NC,2022-04-18 19:16:06,-20.9667,164.7,71.46,92,84,3.0
519,Kuching,MY,2022-04-18 19:16:07,1.55,110.3333,79.02,94,40,5.75
520,Caravelas,BR,2022-04-18 19:16:08,-17.7125,-39.2481,80.28,59,3,10.33
521,Novobirilyussy,RU,2022-04-18 19:16:08,56.9514,90.6661,27.75,85,100,5.1
522,Sabang,ID,2022-04-18 19:16:09,5.8933,95.3214,83.5,70,47,3.85
523,Quebo,GW,2022-04-18 19:16:09,11.3333,-14.9333,81.91,51,8,8.72
524,Iracoubo,GF,2022-04-18 19:16:10,5.4802,-53.2011,80.73,78,92,9.4
525,Palu,ID,2022-04-18 19:16:10,-0.8917,119.8707,75.65,95,55,3.06
526,Brae,GB,2022-04-18 19:16:12,60.3964,-1.353,45.39,77,95,8.23
527,Caete,BR,2022-04-18 19:16:12,-19.88,-43.6697,79.05,64,100,6.13
528,Tecpan,GT,2022-04-18 19:16:13,14.7623,-90.9947,75.88,32,7,5.01
529,San Carlos,VE,2022-04-18 19:16:13,9.6612,-68.5827,93.45,38,92,7.87
530,Belyy Yar,RU,2022-04-18 19:16:14,53.6039,91.3903,46.29,39,0,8.95
531,Hirara,JP,2022-04-18 19:16:14,24.8,125.2833,71.62,85,100,20.51
532,Awbari,LY,2022-04-18 19:16:15,26.5921,12.7805,70.0,19,0,5.82
533,Batouri,CM,2022-04-18 19:16:15,4.4333,14.3667,69.26,92,17,3.53
534,Masuda,JP,2022-04-18 19:16:16,34.6667,131.85,52.02,47,88,3.78
535,Cockburn Town,TC,2022-04-18 19:14:45,21.4612,-71.1419,78.55,83,82,23.17
536,Rakai,UG,2022-04-18 19:16:18,-0.72,31.4839,64.15,94,32,4.09
537,Marrakesh,MA,2022-04-18 19:13:58,31.6315,-8.0083,82.47,34,0,12.66
538,Maniitsoq,GL,2022-04-18 19:16:19,65.4167,-52.9,15.62,75,100,12.97
539,Kirkwood,US,2022-04-18 19:16:19,38.5834,-90.4068,53.82,47,20,25.32
540,Chimala,TZ,2022-04-18 19:16:20,-8.85,34.0167,65.37,91,12,3.85
541,San Ramon,US,2022-04-18 19:16:20,37.7799,-121.978,67.93,52,0,6.91
542,Sambava,MG,2022-04-18 19:16:22,-14.2667,50.1667,76.96,87,62,12.06
543,Sola,VU,2022-04-18 19:16:23,-13.8833,167.55,82.0,76,100,13.49
544,Narsaq,GL,2022-04-18 19:16:23,60.9167,-46.05,44.82,52,97,8.12
545,Piacabucu,BR,2022-04-18 19:16:24,-10.4056,-36.4344,82.44,69,29,9.44
546,Ishigaki,JP,2022-04-18 19:16:24,24.3448,124.1572,69.93,88,75,9.22
547,Gusau,NG,2022-04-18 19:16:25,12.1628,6.6614,89.01,31,74,5.28
548,Katobu,ID,2022-04-18 19:16:25,-4.9408,122.5276,75.54,95,100,3.13
549,Loanda,AO,2022-04-18 19:15:59,-8.8368,13.2343,78.17,90,99,11.21
550,Lithakia,GR,2022-04-18 19:16:26,37.7167,20.8333,52.97,81,89,7.36
551,Lata,PT,2022-04-18 19:16:26,40.1629,-8.3327,52.61,82,55,11.16
552,Dunedin,NZ,2022-04-18 19:13:36,-45.8742,170.5036,52.81,85,91,4.99
553,Weihai,CN,2022-04-18 19:16:27,37.5017,122.1136,51.01,59,0,6.35
554,Reconquista,AR,2022-04-18 19:16:28,-29.15,-59.65,74.98,45,0,1.16
555,Ixtapa,MX,2022-04-18 19:16:29,20.7,-105.2,78.03,65,0,9.22
556,Naryan-Mar,RU,2022-04-18 19:16:29,67.6713,53.087,27.43,96,100,7.58
557,Itarema,BR,2022-04-18 19:16:30,-2.9248,-39.9167,82.51,77,92,6.67
558,Adelaide,AU,2022-04-18 19:12:08,-34.9333,138.6,57.22,78,40,6.91
559,Helong,CN,2022-04-18 19:16:30,42.5397,128.9972,38.95,54,0,5.68
560,Bermeo,ES,2022-04-18 19:16:31,43.4209,-2.7215,57.42,88,100,6.44
561,Qaqortoq,GL,2022-04-18 19:16:31,60.7167,-46.0333,39.11,52,100,5.3
562,Palm Coast,US,2022-04-18 19:16:32,29.585,-81.2078,84.99,60,0,9.22
563,Sao Miguel Do Araguaia,BR,2022-04-18 19:16:32,-13.275,-50.1628,83.23,67,100,0.4
564,Wick,GB,2022-04-18 19:16:33,58.4333,-3.0833,50.05,53,0,17.27
565,Sibiti,CG,2022-04-18 19:16:33,-3.6819,13.3499,71.6,97,100,1.54
566,Port Hedland,AU,2022-04-18 19:16:34,-20.3167,118.5667,82.45,36,37,10.36
567,Filingue,NE,2022-04-18 19:16:34,14.3521,3.3168,92.08,9,100,7.07
568,Tahta,EG,2022-04-18 19:16:35,26.7693,31.5021,84.11,21,98,10.67
569,Grand Gaube,MU,2022-04-18 19:16:35,-20.0064,57.6608,79.38,87,68,1.01
570,Batagay-Alyta,RU,2022-04-18 19:16:36,67.8006,130.4114,8.82,97,100,2.44
571,Aztec,US,2022-04-18 19:16:36,36.8222,-107.9929,74.48,11,100,5.73
572,Kintinku,TZ,2022-04-18 19:16:37,-5.8833,35.2333,72.68,68,26,6.62
573,Rowlett,US,2022-04-18 19:16:37,32.9029,-96.5639,72.34,51,0,9.22
574,Severodvinsk,RU,2022-04-18 19:16:38,64.5635,39.8302,28.51,91,100,3.09
575,Pinega,RU,2022-04-18 19:16:38,64.7001,43.3936,32.61,95,100,2.93
576,Yabrud,SY,2022-04-18 19:16:39,33.9674,36.6574,70.07,18,100,5.26
577,Coihaique,CL,2022-04-18 19:12:02,-45.5752,-72.0662,57.81,51,75,9.22
578,Susanino,RU,2022-04-18 19:16:40,58.1461,41.5872,31.28,85,5,2.73
